{
	"pattrstorage" : 	{
		"name" : "presetmultiple",
		"slots" : 		{
			"1" : 			{
				"id" : 1,
				"data" : 				{
					"betas" : [ -3.845114946365356, -3.845114946365356, -3.845114946365356, -3.845114946365356, -3.845114946365356, -3.845114946365356, -3.795114946365357, -3.795114946365357, -3.745114946365356, -3.745114946365356, -3.745114946365356, -3.745114946365356, -3.695114946365357, -3.695114946365357, -3.695114946365357, -3.695114946365357, -3.695114946365357, -3.695114946365357, -3.645114946365356, -3.645114946365356, -3.645114946365356, -3.645114946365356, -3.595114946365356, -3.595114946365356, -3.595114946365356, -3.545114946365357, -3.545114946365357, -3.545114946365357, -3.545114946365357, -3.545114946365357, -3.545114946365357, -3.545114946365357, -3.545114946365357, -3.545114946365357, -3.545114946365357, -3.545114946365357, -3.545114946365357, -3.545114946365357, -3.545114946365357, -3.545114946365357, -3.595114946365356, -3.595114946365356, -3.595114946365356, -3.595114946365356, -3.595114946365356, -3.595114946365356, -3.595114946365356, -3.595114946365356, -3.595114946365356, -3.595114946365356, -3.595114946365356, -3.545114946365357, -3.375, -3.375, -3.375, -3.375, -3.375, -3.375, -3.375, -3.375 ],
					"t0s" : [ 0.65625, 0.65625, 0.65625, 0.65625, 0.65625, 0.65625, 0.65625, 0.65625, 0.65625, 0.65625, 0.65625, 0.65625, 0.65625, 0.65625, 0.65625, 0.65625, 0.65625, 0.65625, 0.65625, 0.65625, 0.65625, 0.65625, 0.65625, 0.65625, 0.65625, 0.65625, 0.65625, 0.65625, 0.65625, 0.65625, 0.65625, 0.65625, 0.65625, 0.65625, 0.65625, 0.65625, 0.65625, 0.65625, 0.65625, 0.65625, 0.65625, 0.65625, 0.65625, 0.65625, 0.65625, 0.65625, 0.65625, 0.65625, 0.59375, 0.59375, 0.53125, 0.53125, 0.53125, 0.53125, 0.53125, 0.53125, 0.53125, 0.53125, 0.53125, 0.53125 ],
					"t1s" : [ -0.03125, -0.03125, -0.03125, -0.03125, -0.03125, -0.03125, -0.03125, -0.03125, -0.03125, -0.03125, -0.03125, -0.03125, 0.03125, 0.03125, 0.09375, 0.09375, 0.15625, 0.15625, 0.21875, 0.28125, 0.28125, 0.3125, 0.34375, 0.34375, 0.34375, 0.34375, 0.40625, 0.40625, 0.40625, 0.40625, 0.40625, 0.40625, 0.40625, 0.40625, 0.40625, 0.40625, 0.40625, 0.40625, 0.40625, 0.40625, 0.40625, 0.40625, 0.40625, 0.40625, 0.40625, 0.40625, 0.40625, 0.40625, 0.40625, 0.40625, 0.40625, 0.40625, 0.40625, 0.34375, 0.21875, 0.21875, 0.15625, 0.09375, 0.09375, 0.59375 ],
					"outgains" : [ -6.8375, -6.8375, -6.8375, -6.8375, -6.8375, -6.8375, -6.8375, -6.8375, -6.512499999999999, -6.1875, -6.1875, -5.862500000000001, -5.5375, -5.2125, -5.2125, -4.887499999999999, -4.5625, -4.5625, -4.237500000000001, -4.237500000000001, -3.912500000000001, -3.912500000000001, -3.587499999999999, -3.587499999999999, -3.587499999999999, -3.262499999999999, -3.262499999999999, -2.9375, -2.9375, -2.9375, -2.9375, -2.9375, -2.612500000000001, -2.612500000000001, -2.287500000000001, -1.962499999999999, -1.962499999999999, -1.962499999999999, -1.637499999999999, -1.637499999999999, -1.637499999999999, -1.637499999999999, -1.637499999999999, -1.637499999999999, -1.637499999999999, -1.3125, -1.3125, -0.987500000000001, -1.0, -1.0, -1.0, -1.0, -1.0, -1.0, -1.0, -1.0, -1.0, -1.0, -1.0, -1.0 ],
					"width" : [ 1.114173228346457 ],
					"ingain" : [ 0.31217427558891 ],
					"extype" : [ 1 ],
					"lambda0" : [ 0.0 ],
					"bendspeed" : [ 0.1 ],
					"bendamp" : [ 0.0 ],
					"Rbase" : [ 0.3 ],
					"Rspeed" : [ 0.1 ],
					"Ramp" : [ 0.0 ],
					"Lbase" : [ 0.3 ],
					"Lspeed" : [ 0.1 ],
					"Lamp" : [ 0.0 ],
					"Ebase" : [ 0.3 ],
					"Espeed" : [ 0.0 ],
					"Eamp" : [ 0.0 ]
				}

			}

		}

	}

}
